Price,Name,Region,Wish List
Survival: Lost Way (PC) Steam Key GLOBAL,"0,50 €",VISAS PASAULIS,198
ARK: Survival Evolved - Windows 10 Store Key EUROPE,"3,52 €",EUROPA,136
The Crew 2 Gold Edition Uplay Key EMEA,"15,00 €","EUROPA, VIDURIO RYTAI IR AFRIKA",67
Hood: Outlaws & Legends Steam Key EUROPE,"22,02 €",EUROPA,86
Naraka: Bladepoint - Deluxe (PC/Xbox Series X|S) Xbox Live Key EUROPE,"3,76 €",EUROPA,6
Guild Wars Nightfall Official Website Key GLOBAL,"17,98 €",VISAS PASAULIS,8
Foxhole Steam Key EUROPE,"16,29 €",EUROPA,56
Guild Wars 2: Heart of Thorns Official website Key GLOBAL,"21,11 €",VISAS PASAULIS,42
The Crew Uplay Key GLOBAL,"21,98 €",VISAS PASAULIS,422
EmergeNYC (PC) Steam Key GLOBAL,"11,99 €",VISAS PASAULIS,23
The Elder Scrolls Online: Greymoor Pre-Purchase Official Website Key GLOBAL,"11,22 €",VISAS PASAULIS,50
Starbase (PC) Steam Key GLOBAL,"18,59 €",VISAS PASAULIS,28
Final Fantasy XIV: A Realm Reborn Mog Station Key EUROPE,"20,69 €",EUROPA,34
World of Warcraft: Dragonflight - Heroic Edition (PC/MAC) Pre-purchase Battle.net Key EUROPE,"17,45 €",EUROPA,33
ARK: Survival Ascended (PC) Steam Key EUROPE,"82,02 €",EUROPA,27
Survival Quiz CITY (PC) Steam Key GLOBAL,"53,99 €",VISAS PASAULIS,18
Final Fantasy XIV: Starter Edition Official website Key EUROPE,"40,65 €",EUROPA,67
Hero Siege Steam Key GLOBAL,"13,44 €",VISAS PASAULIS,144
The Crew Uplay Key EUROPE,"5,04 €",EUROPA,255
Miscreated (PC) Steam Key EUROPE,"17,43 €",EUROPA,114
ARK: Ultimate Survivor Edition XBOX LIVE Key EUROPE,"0,50 €",EUROPA,46
The Crew 2 (Deluxe Edition) Uplay Key EUROPE,"23,51 €",EUROPA,125
Boundless Steam Key GLOBAL,"27,84 €",VISAS PASAULIS,134
FINAL FANTASY XIV Online Complete Collector's Edition (PC) Mog Station Key GLOBAL,"2,59 €",EUROPA,7
The Elder Scrolls Online Collection - Blackwood Official Website Pre-Purchase Key GLOBAL,"65,00 €",VISAS PASAULIS,33
Out of Reach: Treasure Royale Steam Key GLOBAL,"27,95 €",VISAS PASAULIS,125
DayZ Livonia Edition (PC) Steam Key GLOBAL,"0,51 €",VISAS PASAULIS,85
V Rising (PC) Steam Key EUROPE,"49,19 €",EUROPA,275
The Elder Scrolls Online: Summerset (Standard Edition) Official website Key GLOBAL,"11,91 €",VISAS PASAULIS,55
Beyond The Wire Steam Key EUROPE,"13,00 €",EUROPA,147
Survive the Nights (PC) Steam Key EUROPE,"1,47 €",EUROPA,24
Final Fantasy XIV Complete Edition Mog Station Key EUROPE,"4,46 €",EUROPA,70
ARK: Survival Ascended (PC/Xbox Series X|S) XBOX LIVE Key EUROPE,"34,30 €",EUROPA,59
Heliborne - Enhanced Edition (PC) Steam Key EUROPE,"42,31 €",EUROPA,5
Guild Wars 2: Path of Fire (Standard Edition) Official Website Key GLOBAL,"8,70 €",VISAS PASAULIS,87
Final Fantasy XIV: A Realm Reborn + 30 Days Included Mog Station Key EUROPE,"16,87 €",EUROPA,34
Hood: Outlaws & Legends Steam Key GLOBAL,"17,24 €",VISAS PASAULIS,456
CryoFall Steam Key GLOBAL,"3,83 €",VISAS PASAULIS,120
Guild Wars Complete Collection Official Website Key EUROPE,"1,80 €",EUROPA,9
Out of Reach (PC) Steam Key EUROPE,"33,99 €",EUROPA,0
Out of Reach (PC) Steam Key EUROPE,"0,50 €",EUROPA,0
Guild Wars Complete Collection Official Website Key EUROPE,"3,72 €",EUROPA,9
Wild Terra 2: New Lands Steam Key GLOBAL,"33,99 €",VISAS PASAULIS,44
The Elder Scrolls Online: Tamriel Unlimited Steam Key GLOBAL,"12,39 €",VISAS PASAULIS,131
Hood: Outlaws & Legends - Year 1 Edition Steam Key GLOBAL,"29,56 €",VISAS PASAULIS,99
Heliborne - Polish Air Force Bundle Steam Key EUROPE,"12,33 €",EUROPA,6
RoboSquare Steam Key GLOBAL,"5,75 €",VISAS PASAULIS,7
Heliborne Steam Key GLOBAL,"1,03 €",VISAS PASAULIS,27
Boundless (PC) Steam Key EUROPE,"3,95 €",EUROPA,1
The Elder Scrolls Online: Greymoor (Digital Collector’s Edition) Official Website Key GLOBAL,"4,59 €",VISAS PASAULIS,29
Killer Elite - Time to Die Steam Key GLOBAL,"38,83 €",VISAS PASAULIS,2
Immune - True Survival (PC) Steam Key GLOBAL,"59,99 €",VISAS PASAULIS,18
SCP: 5K (PC) Steam Key EUROPE,"3,99 €",EUROPA,63
Musclecar Online (PC) Steam Key GLOBAL,"8,86 €",VISAS PASAULIS,1
Black Desert Online Steam Key GLOBAL,"1,99 €",VISAS PASAULIS,197
Dragon Ball: Xenoverse 2 Steam Key GLOBAL,"4,59 €",VISAS PASAULIS,3422
The Fisherman - Fishing Planet (PC) Steam Key EUROPE,"7,75 €",EUROPA,6
Guild Wars Complete Collection Official Website Key GLOBAL,"7,48 €",VISAS PASAULIS,31
Don't Stand Out (PC) Steam Key EUROPE,"30,59 €",EUROPA,3
Hero Siege (PC) Steam Key EUROPE,"4,20 €",EUROPA,9
Guild Wars Complete Collection Official Website Key GLOBAL,"0,50 €",VISAS PASAULIS,31
CardLife: Creative Survival Steam Key GLOBAL,"30,59 €",VISAS PASAULIS,43
Polywar Steam Key GLOBAL,"15,45 €",VISAS PASAULIS,31
The Elder Scrolls Online Collection - Blackwood XBOX LIVE Key EUROPE,"3,06 €",EUROPA,16
Heliborne - Enhanced Edition Steam Key GLOBAL,"58,50 €",VISAS PASAULIS,60
Out of Reach (PC) Steam Key GLOBAL,"4,11 €",VISAS PASAULIS,26
The Crew 2 (Gold Edition) (Xbox One) Xbox Live Key EUROPE,"3,53 €",EUROPA,137
Rem Survival (PC) Steam Key GLOBAL,"17,32 €",VISAS PASAULIS,64
DRAGONBALL FIGHTERZ SUPER EDITION (Nintendo Switch) eShop Key EUROPE,"16,93 €",EUROPA,215
Survive the Nights Steam Key GLOBAL,"22,95 €",VISAS PASAULIS,189
Last Oasis Steam Key EUROPE,"3,45 €",EUROPA,54
Deployment XBOX LIVE Key EUROPE,"6,30 €",EUROPA,4
World of Warcraft: Dragonflight - Epic Edition (PC/MAC) Battle.net Key EUROPE,"1,89 €",EUROPA,0
Voidspace (PC) Steam Key GLOBAL,"104,98 €",VISAS PASAULIS,4
Out of Reach: Treasure Royale (PC) Steam Key EUROPE,"7,27 €",EUROPA,24
ArchMMO 2 Steam Key GLOBAL,"1,98 €",VISAS PASAULIS,8
Wurm Unlimited Steam Key EUROPE,"1,20 €",EUROPA,19
DayZ XBOX LIVE Key GLOBAL,"2,98 €",VISAS PASAULIS,33
Don't Stand Out (PC) Steam Key GLOBAL,"47,99 €",VISAS PASAULIS,4
Mad Experiments: Escape Room (PC) Steam Key GLOBAL,"2,29 €",VISAS PASAULIS,34
World of Warcraft: Dragonflight (PC/MAC) Pre-purchase Battle.net Key EUROPE,"0,50 €",EUROPA,45
Heaven Island - VR MMO Steam Key GLOBAL,"83,19 €",VISAS PASAULIS,11
Warborn XBOX LIVE Key GLOBAL,"0,99 €",VISAS PASAULIS,5
DRAGON BALL XENOVERSE 2 Deluxe Edition (PC) Steam Key EUROPE,"23,50 €",EUROPA,0
DRAGONBALL XENOVERSE 2 SUPER EDITION (Nintendo Switch) eShop Key EUROPE,"21,99 €",EUROPA,505
Guardians of Middle-earth Steam Key GLOBAL,"16,88 €",VISAS PASAULIS,657
Tom Clancy's The Division Uplay Key EUROPE,"2,45 €",EUROPA,345
Dragon Ball: Xenoverse 2 Steam Key EUROPE,"5,08 €",EUROPA,407
The Elder Scrolls Online Collection - Blackwood Official Website Key GLOBAL,"7,74 €",VISAS PASAULIS,99
Foxhole Steam Key GLOBAL,"25,99 €",VISAS PASAULIS,313
MIGHT Steam Key GLOBAL,"20,13 €",VISAS PASAULIS,5
The Crew 2 (Gold Edition) (Xbox One) Xbox Live Key GLOBAL,"1,57 €",VISAS PASAULIS,191
The Elder Scrolls Online: Greymoor (Xbox One) Xbox Live Key EUROPE,"27,99 €",EUROPA,14
I am not a Monster: First Contact Steam Key GLOBAL,"29,71 €",VISAS PASAULIS,57
SCP: 5K (PC) Steam Key GLOBAL,"0,59 €",VISAS PASAULIS,343
DayZ (PC) Steam Key EUROPE,"8,94 €",EUROPA,1774
TemTem Steam Key GLOBAL,"30,05 €",VISAS PASAULIS,1697
The Crew (Ultimate Edition) Uplay Key GLOBAL,"5,70 €",VISAS PASAULIS,190
Grand Theft Auto V + Megalodon Shark Cash Card Rockstar Games Launcher Key GLOBAL,"27,59 €",VISAS PASAULIS,1390
ARK: Survival Ascended (PC) Steam Key GLOBAL,"30,87 €",VISAS PASAULIS,144
ARK: Survival Ascended (PC) Steam Key GLOBAL,"0,50 €",VISAS PASAULIS,144
Faeria Steam Key GLOBAL,"52,99 €",VISAS PASAULIS,90
DayZ Livonia Edition (PC) Steam Key EUROPE,"1,65 €",EUROPA,22
DRAGON BALL XENOVERSE Super Bundle XBOX LIVE Key EUROPE,"50,54 €",EUROPA,130
Hood: Outlaws & Legends XBOX LIVE Key EUROPE,"12,22 €",EUROPA,66
Dragon Ball: Xenoverse 2 (Nintendo Switch) eShop Key EUROPE,"6,99 €",EUROPA,376
Rust (PC) Steam Key GLOBAL,"13,15 €",VISAS PASAULIS,1898
AXYOS: Battlecards (PC) Steam Key GLOBAL,"79,99 €",VISAS PASAULIS,3
The Crew 2 Uplay Key EMEA,"0,85 €","EUROPA, VIDURIO RYTAI IR AFRIKA",195
ARK: Survival Evolved Steam Key EUROPE,"6,75 €",EUROPA,230
Sweet Escape [VR] Steam Key GLOBAL,"63,95 €",VISAS PASAULIS,1
Heliborne Steam Key EUROPE,"2,98 €",EUROPA,14
ARK: Survival Evolved (Nintendo Switch) Nintendo Key EUROPE,"4,74 €",EUROPA,944
Valnir Rok Steam Key GLOBAL,"13,97 €",VISAS PASAULIS,407
The Elder Scrolls Online: Tamriel Unlimited Official website Key GLOBAL,"2,40 €",VISAS PASAULIS,441
Hunter's Arena: Legends Steam Key GLOBAL,"5,40 €",VISAS PASAULIS,100
Ascent - The Space Game Steam Key GLOBAL,"16,15 €",VISAS PASAULIS,20
Tom Clancy's The Division Uplay Key GLOBAL,"2,38 €",VISAS PASAULIS,1271
The Swordsmen X Steam Key GLOBAL,"5,07 €",VISAS PASAULIS,117
Firelight Fantasy: Phoenix Crew (PC) Steam Key GLOBAL,"5,86 €",VISAS PASAULIS,6
Ancient Siberia Steam Key GLOBAL,"0,50 €",VISAS PASAULIS,16
Book of Travels (PC) Steam Key GLOBAL,"2,03 €",VISAS PASAULIS,135
CRYEP (PC) Steam Key GLOBAL,"14,92 €",VISAS PASAULIS,3
The Elder Scrolls Online Collection - Blackwood Collector’s Edition XBOX LIVE Key EUROPE,"3,18 €",EUROPA,10
Warborn Steam Key GLOBAL,"73,70 €",VISAS PASAULIS,33
Spy Bugs Steam Key GLOBAL,"1,10 €",VISAS PASAULIS,5
Peekaboo Steam Key GLOBAL,"3,02 €",VISAS PASAULIS,11
Animal Fight Club (PC) Steam Key GLOBAL,"1,77 €",VISAS PASAULIS,2
Heliborne XBOX LIVE Key EUROPE,"0,68 €",EUROPA,4
DayZ Livonia Edition XBOX LIVE Key EUROPE,"18,02 €",EUROPA,10
Heliborne - Polish Air Force Bundle Steam Key GLOBAL,"38,50 €",VISAS PASAULIS,12
World of Warcraft: Shadowlands Pre-Purchase Battle.net Key EUROPE,"5,75 €",EUROPA,55
The Elder Scrolls Online: Greymoor (Digital Collector’s Edition) Pre-Purchase Official Website Key GLOBAL,"29,62 €",VISAS PASAULIS,27
Naraka: Bladepoint (PC/Xbox Series X|S) Xbox Live Key EUROPE,"37,86 €",EUROPA,17
Battlegun Steam Key GLOBAL,"10,00 €",VISAS PASAULIS,6
Take Thy Throne Steam Key GLOBAL,"1,04 €",VISAS PASAULIS,16
The Elder Scrolls Online Collection: Blackwood Collector’s Edition Official Website Pre-Purchase Key GLOBAL,"1,08 €",VISAS PASAULIS,25
Kingdom Under Fire 2 (PC) Steam Key EUROPE,"44,26 €",EUROPA,2
Rust (PC) Steam Key EUROPE,"2,50 €",EUROPA,310
ArcheAge: Unchained Steam Key GLOBAL,"149,99 €",VISAS PASAULIS,3
Heliborne - Polish Air Force Bundle Steam Key GLOBAL,"0,50 €",VISAS PASAULIS,12
DayZ (Xbox One) Xbox Live Key EUROPE,"5,75 €",EUROPA,31
The Elder Scrolls Online: Greymoor (Digital Collector’s Edition) Pre-Purchase Official Website Key GLOBAL,"33,99 €",VISAS PASAULIS,27
Naraka: Bladepoint (PC/Xbox Series X|S) Xbox Live Key EUROPE,"37,86 €",EUROPA,17
Warborn (PC) Steam Key EUROPE,"10,00 €",EUROPA,0
AXYOS Steam Key GLOBAL,"3,97 €",VISAS PASAULIS,72
Stars End Steam Key GLOBAL,"0,88 €",VISAS PASAULIS,84
Miscreated Steam Key GLOBAL,"3,07 €",VISAS PASAULIS,593
GangV | Civil Battle Royale Steam Key GLOBAL,"6,70 €",VISAS PASAULIS,14
Rising Constellation (PC) Steam Key GLOBAL,"7,80 €",VISAS PASAULIS,11
Dead Event (PC) Steam Key GLOBAL,"0,88 €",VISAS PASAULIS,6
DayZ Steam Key GLOBAL,"1,29 €",VISAS PASAULIS,3186
Beyond The Wire Steam Key GLOBAL,"32,70 €",VISAS PASAULIS,741
ARK: Survival Evolved Steam Key GLOBAL,"1,20 €",VISAS PASAULIS,1717
Temtem (PC) Steam Key EUROPE,"65,75 €",EUROPA,328
Colonies Online Steam Key GLOBAL,"6,12 €",VISAS PASAULIS,7
The Crew 2 (Gold Edition) Uplay Key EUROPE,"22,73 €",EUROPA,614
Hood: Outlaws & Legends - Year 1 Edition Steam Key EUROPE,"16,50 €",EUROPA,21
StarsOne Steam Key GLOBAL,"12,99 €",VISAS PASAULIS,13
Guild Wars Trilogy Official website Key EUROPE,"1,13 €",EUROPA,14
Total Lockdown Steam Key GLOBAL,"0,50 €",VISAS PASAULIS,8
The Elder Scrolls Online: Tamriel Unlimited + Morrowind Upgrade Official Website Key GLOBAL,"357,87 €",VISAS PASAULIS,646
Choice Chamber Steam Key GLOBAL,"5,40 €",VISAS PASAULIS,15
Last Oasis Steam Key GLOBAL,"3,66 €",VISAS PASAULIS,549
DRAGON BALL XENOVERSE 2 Deluxe Edition (PC) Steam Key GLOBAL,"6,34 €",VISAS PASAULIS,475
The Fisherman - Fishing Planet Steam Key GLOBAL,"15,95 €",VISAS PASAULIS,72
Wurm Unlimited Steam Key GLOBAL,"5,76 €",VISAS PASAULIS,29
Inkulinati (PC) Steam Key GLOBAL,"1,73 €",VISAS PASAULIS,76
Heliborne Collection Steam Key GLOBAL,"8,14 €",VISAS PASAULIS,36
Guild Wars 2 (Heroic Edition) Official website Key EUROPE,"4,99 €",EUROPA,122
Lifeless Steam Key GLOBAL,"21,44 €",VISAS PASAULIS,155
Phantom Abyss Steam Key GLOBAL,"5,27 €",VISAS PASAULIS,77
The Crew 2 Uplay Key EUROPE,"12,87 €",EUROPA,2630
RevolVR 3 [VR] Steam Key GLOBAL,"5,95 €",VISAS PASAULIS,11
I am not a Monster: First Contact (PC) Steam Key EUROPE,"49,99 €",EUROPA,4
Meadow Steam Key GLOBAL,"0,79 €",VISAS PASAULIS,57
Lonath Online Steam Key GLOBAL,"0,93 €",VISAS PASAULIS,11
Dragon Ball: Xenoverse 2 (Xbox One) Xbox Live Key EUROPE,"1,99 €",EUROPA,250
Black Desert Online Official Website Key GLOBAL,"10,99 €",VISAS PASAULIS,132
World of Warcraft: Dragonflight (PC/MAC) Battle.net Key EUROPE,"5,88 €",EUROPA,174
World of Warcraft: Dragonflight (PC/MAC) Battle.net Key EUROPE,"0,50 €",EUROPA,174
V Rising (PC) Steam Key GLOBAL,"34,78 €",VISAS PASAULIS,1264
Naraka: Bladepoint (PC) Steam Key GLOBAL,"11,91 €",VISAS PASAULIS,239
BALLOON Saga Steam Key GLOBAL,"15,08 €",VISAS PASAULIS,14
